{
  "overall": {
    "accuracy": 0.816,
    "precision": 0.8175795408488566,
    "recall": 0.816,
    "f1_score": 0.8163138403721264
  },
  "per_class": {
    "IPC_302": {
      "precision": 0.851063829787234,
      "recall": 0.8,
      "f1_score": 0.8247422680412371
    },
    "IPC_307": {
      "precision": 0.851063829787234,
      "recall": 0.8,
      "f1_score": 0.8247422680412371
    },
    "IPC_308": {
      "precision": 0.7735849056603774,
      "recall": 0.82,
      "f1_score": 0.7961165048543689
    },
    "IPC_336": {
      "precision": 0.7735849056603774,
      "recall": 0.82,
      "f1_score": 0.7961165048543689
    },
    "IPC_337": {
      "precision": 0.8571428571428571,
      "recall": 0.84,
      "f1_score": 0.8484848484848485
    },
    "IPC_379": {
      "precision": 0.7924528301886793,
      "recall": 0.84,
      "f1_score": 0.8155339805825242
    },
    "IPC_380": {
      "precision": 0.8163265306122449,
      "recall": 0.8,
      "f1_score": 0.8080808080808081
    },
    "IPC_392": {
      "precision": 0.803921568627451,
      "recall": 0.82,
      "f1_score": 0.8118811881188119
    },
    "IPC_419": {
      "precision": 0.8723404255319149,
      "recall": 0.82,
      "f1_score": 0.845360824742268
    },
    "IPC_420": {
      "precision": 0.7843137254901961,
      "recall": 0.8,
      "f1_score": 0.7920792079207921
    }
  }
}